-- phpMyAdmin SQL Dump
-- version 4.7.9
-- https://www.phpmyadmin.net/
--
-- Host: localhost
-- Generation Time: Apr 11, 2018 at 07:17 PM
-- Server version: 5.6.20
-- PHP Version: 5.5.15

SET SQL_MODE = "NO_AUTO_VALUE_ON_ZERO";
SET AUTOCOMMIT = 0;
START TRANSACTION;
SET time_zone = "+00:00";


/*!40101 SET @OLD_CHARACTER_SET_CLIENT=@@CHARACTER_SET_CLIENT */;
/*!40101 SET @OLD_CHARACTER_SET_RESULTS=@@CHARACTER_SET_RESULTS */;
/*!40101 SET @OLD_COLLATION_CONNECTION=@@COLLATION_CONNECTION */;
/*!40101 SET NAMES utf8mb4 */;

--
-- Database: `repository`
--

-- --------------------------------------------------------

--
-- Table structure for table `goal`
--

CREATE TABLE `goal` (
  `gID` int(11) NOT NULL,
  `gName` varchar(45) DEFAULT NULL,
  `gDetail` varchar(150) DEFAULT NULL
) ENGINE=InnoDB DEFAULT CHARSET=latin1;

--
-- Dumping data for table `goal`
--

INSERT INTO `goal` (`gID`, `gName`, `gDetail`) VALUES
(1, 'Availability', '...'),
(2, 'scalability', '..'),
(3, 'security', '..'),
(4, 'performance', '...'),
(5, 'customizability', '..'),
(6, 'Interoperatibilty', '..'),
(7, 'portability', '..'),
(8, 'testablity', '..'),
(9, 'consistency', '..'),
(10, 'reduced IT cost', NULL);

-- --------------------------------------------------------

--
-- Table structure for table `gor`
--

CREATE TABLE `gor` (
  `gorID` int(11) NOT NULL,
  `gID` int(11) NOT NULL,
  `obsID` int(11) NOT NULL
) ENGINE=InnoDB DEFAULT CHARSET=utf8;

--
-- Dumping data for table `gor`
--

INSERT INTO `gor` (`gorID`, `gID`, `obsID`) VALUES
(1, 1, 1),
(2, 1, 2),
(3, 1, 3),
(4, 3, 4),
(5, 2, 5),
(7, 5, 5),
(8, 2, 6),
(9, 3, 7),
(10, 3, 8),
(11, 3, 9),
(12, 10, 10),
(13, 3, 11),
(14, 3, 12),
(15, 3, 13),
(16, 3, 14),
(17, 3, 15),
(18, 3, 16),
(19, 6, 17),
(20, 7, 17),
(21, 3, 18),
(22, 6, 19),
(23, 7, 19),
(24, 5, 20),
(25, 6, 20),
(26, 7, 20),
(27, 6, 21),
(28, 7, 21),
(29, 6, 22),
(30, 7, 22),
(31, 6, 23),
(32, 7, 23),
(33, 6, 24),
(34, 7, 24),
(35, 6, 25),
(36, 7, 25),
(37, 3, 26),
(38, 4, 26),
(39, 4, 27),
(40, 2, 28),
(41, 4, 28),
(42, 2, 29),
(43, 4, 29),
(44, 8, 29),
(45, 10, 30),
(46, 5, 31),
(47, 5, 32),
(48, 8, 32),
(49, 10, 33),
(50, 5, 34),
(51, 5, 35),
(52, 5, 36),
(53, 7, 36),
(54, 6, 36),
(55, 10, 37),
(56, 10, 38),
(57, 10, 39),
(58, 10, 40),
(59, 10, 41),
(60, 7, 42),
(61, 2, 43),
(62, 4, 43),
(63, 6, 44),
(64, 7, 44),
(65, 10, 44),
(66, 2, 45),
(67, 4, 45),
(68, 2, 46),
(69, 4, 46),
(70, 2, 47),
(71, 4, 47),
(72, 6, 48),
(73, 7, 48),
(74, 10, 48),
(75, 6, 49),
(76, 7, 49),
(77, 10, 49),
(78, 6, 50),
(79, 7, 50),
(80, 10, 50),
(81, 2, 51),
(82, 7, 51),
(83, 8, 51),
(84, 9, 52),
(85, 3, 53),
(86, 10, 54),
(87, 10, 55),
(88, 10, 56),
(89, 10, 57),
(90, 3, 58),
(91, 3, 59),
(92, 10, 60),
(93, 5, 61),
(94, 5, 62),
(95, 1, 63),
(96, 10, 64),
(97, 8, 65),
(98, 10, 66),
(99, 6, 67);

-- --------------------------------------------------------

--
-- Table structure for table `obstical`
--

CREATE TABLE `obstical` (
  `obsID` int(11) NOT NULL,
  `obsName` varchar(100) DEFAULT NULL,
  `obsDetail` varchar(1000) DEFAULT NULL
) ENGINE=InnoDB DEFAULT CHARSET=latin1;

--
-- Dumping data for table `obstical`
--

INSERT INTO `obstical` (`obsID`, `obsName`, `obsDetail`) VALUES
(1, 'Cloud outage', '..'),
(2, 'Service failure', '...'),
(3, 'Service transient fault', '..'),
(4, 'Tenant interface', '..'),
(5, 'Un-customisable scalablity', '..'),
(6, 'Scaling latency', '..'),
(7, 'Browser vulnerabilities ', '..'),
(8, 'Code disruption', '..'),
(9, 'Cloud attack', '..'),
(10, 'Extra security cost', '..'),
(11, 'Lack of control on code execution location', '..'),
(12, 'Lack of control on data location', '..'),
(13, 'Data remanence ', '..'),
(14, 'Data interruption', '..'),
(15, 'Session hijacking', '..'),
(16, 'System source codes propriety', '..'),
(17, 'Vendor lock -in', '..'),
(18, 'Traversal vulnerability', '..'),
(19, 'Incompatible pluggable cloud services', '..'),
(20, 'Incomplete API s', '..'),
(21, ' Incompatible data types ', '..'),
(22, 'Operating system incompatibility', '..'),
(23, 'Machine -image incompatibility', '..'),
(24, 'Virtual machine\r\ncontextualization\r\nincompatibility', '..'),
(25, 'API incompatibility\r\nacross multiple cloud\r\n', '..'),
(26, 'Message passing', '..'),
(27, 'Performance variability\r\nof cloud service', '..'),
(28, 'Geographical distance ', '..'),
(29, 'Low middleware\r\nperformance', '..'),
(30, 'High cancellation fees', '..'),
(31, 'Inflexible pricing model', '..'),
(32, 'Extra testing effort', '..'),
(33, 'Learning curve\r\n', '..'),
(34, 'Loose of control over\r\nresources and updates', '..'),
(35, 'Bargaining power of\r\nprovider', '..'),
(36, 'Proprietary APIs', '..'),
(37, 'Licensing issue', '..'),
(38, 'Department downsizing', '..'),
(39, 'Resistance to change', '..'),
(40, ' Non-compliancy', '..'),
(41, 'Extra management\r\neffort', '..'),
(42, 'Backward\r\nincompatibility', '..'),
(43, 'State\r\n-based dependency', '..'),
(44, 'Incompatible APIs', '..'),
(45, 'Network latency', '..'),
(46, 'Browser latency', '..'),
(47, 'Service latency', '..'),
(48, 'Incompatibility of\r\nlegacy system and cloud\r\nservice', '..'),
(49, 'Incompatibility of\r\nlegacy system data\r\nstorage and cloud', '..'),
(50, 'Incompatible data\r\noperations', '..'),
(51, 'Tight dependencies', '..'),
(52, 'Inconsistency of system\r\ncomponents\r\n', '..'),
(53, 'Identity theft', '..'),
(54, 'Variable price of cloud\r\nresources', '..'),
(55, 'High cost of support\r\n(Specific to AWS)', '..'),
(56, 'Unreliable IT support\r\n(Specific to AWS)', '..'),
(57, 'Varying support fee\r\n(Specific to AWS)\r\n', '..'),
(58, 'Vulnerable security\r\n(Specific to AWS)', '..'),
(59, 'Injection attack\r\n(Specific to AWS)', '..'),
(60, 'Inflexible cost model\r\n(Specific to Azure)\r\n', '..'),
(61, 'Inflexible configuration\r\n(Specific to Azure)', '..'),
(62, 'Operating system\r\nincompatibility\r\n(Specific to Azure)', '..'),
(63, 'Limited geographical\r\nzone (Specific to\r\nGoogle)\r\n', '..'),
(64, 'Inflexible cost model\r\n(Specific to Rackspace)\r\n', '..'),
(65, 'Heterogeneous\r\nproduction\r\nenvironments', '..'),
(66, 'Costly virtual machine', '..'),
(67, 'Incompatible execution\r\nenvironments of system ', '..');

-- --------------------------------------------------------

--
-- Table structure for table `tactic`
--

CREATE TABLE `tactic` (
  `tID` int(11) NOT NULL,
  `tName` varchar(45) DEFAULT NULL,
  `tDetail` varchar(150) DEFAULT NULL
) ENGINE=InnoDB DEFAULT CHARSET=latin1;

--
-- Dumping data for table `tactic`
--

INSERT INTO `tactic` (`tID`, `tName`, `tDetail`) VALUES
(1, 'Substitute goal', '..'),
(2, 'Substitute cloud migration type', '..'),
(3, 'Substitute cloud service', '...'),
(4, 'Analyse migration feasibility', '..'),
(5, 'Refactor legacy source code', '..'),
(6, 'Develop adaptor/wrapper', '..'),
(7, 'Decouple system components', '..'),
(8, 'Encrypt/decrypt message passing', '..'),
(9, 'Obfuscate code', '..'),
(10, 'Isolate tenant ', '..'),
(11, 'Tune message granularity', '..'),
(12, 'Adapt data', '..'),
(13, 'Involve staff with cloud adoption process', '..'),
(14, 'Define an authorization', '..'),
(15, 'Encrypt data', '..'),
(16, 'Filter unauthorised requests', '..'),
(17, 'Adjust security policies', '..'),
(18, 'Replicate system components', '..'),
(19, 'Backup periodically', '..'),
(20, 'Detect and filter intrusions', '..'),
(21, 'Update patches', '..'),
(22, 'Isolate tenant', '..'),
(23, 'Define retry policies ', '..'),
(24, 'Refine network topology', '..'),
(25, 'Examine cloud service behaviour', '..'),
(26, 'Acquire more cloud resources', '..'),
(27, 'Use multiple cloud servers', '..'),
(28, 'Add intermediation', '..'),
(29, 'Make system stateless', '..'),
(30, 'Prioritize tests', '..'),
(31, 'Resolve licensing issue', '..'),
(32, 'Define weak inconsistency', '..'),
(33, 'Check compliance', '..'),
(34, 'Clarify roles', '..'),
(35, 'Aware top-level management', '..'),
(36, 'Degrade goal', '..'),
(37, 'Restore goal', '..'),
(38, 'Mitigate goal ', '..'),
(39, 'Fix inconsistencies ', '..'),
(40, 'Define compensation', '..'),
(41, 'Do nothing', '..'),
(42, 'Use rigorous authentication', '..'),
(43, 'Keep virtualization at the system level', '..'),
(44, 'Use dedicated virtual machine', '..'),
(45, 'Define bidding strategy', '..');

-- --------------------------------------------------------

--
-- Table structure for table `tor`
--

CREATE TABLE `tor` (
  `torID` int(11) NOT NULL,
  `obsID` int(11) NOT NULL,
  `tID` int(11) NOT NULL
) ENGINE=InnoDB DEFAULT CHARSET=utf8;

--
-- Dumping data for table `tor`
--

INSERT INTO `tor` (`torID`, `obsID`, `tID`) VALUES
(1, 1, 1),
(2, 2, 1),
(3, 3, 1),
(4, 4, 1),
(5, 5, 1),
(6, 6, 1),
(7, 7, 1),
(8, 8, 1),
(9, 9, 1),
(10, 10, 1),
(11, 11, 1),
(12, 12, 1),
(13, 13, 1),
(14, 14, 1),
(15, 15, 1),
(16, 16, 1),
(17, 17, 1),
(18, 18, 1),
(19, 19, 1),
(20, 20, 1),
(21, 21, 1),
(22, 22, 1),
(23, 23, 1),
(24, 24, 1),
(25, 25, 1),
(26, 26, 1),
(27, 27, 1),
(28, 28, 1),
(29, 29, 1),
(30, 30, 1),
(31, 31, 1),
(32, 32, 1),
(33, 33, 1),
(34, 34, 1),
(35, 35, 1),
(36, 36, 1),
(37, 37, 1),
(38, 38, 1),
(39, 39, 1),
(40, 40, 1),
(41, 41, 1),
(42, 42, 1),
(43, 43, 1),
(44, 44, 1),
(45, 45, 1),
(46, 46, 1),
(47, 47, 1),
(48, 48, 1),
(49, 49, 1),
(50, 50, 1),
(51, 51, 1),
(52, 52, 1),
(53, 53, 1),
(54, 54, 1),
(55, 55, 1),
(56, 56, 1),
(57, 57, 1),
(58, 58, 1),
(59, 59, 1),
(60, 60, 1),
(61, 61, 1),
(62, 62, 1),
(63, 63, 1),
(64, 64, 1),
(65, 65, 1),
(66, 66, 1),
(67, 67, 1),
(68, 1, 2),
(69, 2, 2),
(70, 3, 2),
(71, 4, 2),
(72, 5, 2),
(73, 6, 2),
(74, 7, 2),
(75, 8, 2),
(76, 9, 2),
(77, 10, 2),
(78, 11, 2),
(79, 12, 2),
(80, 13, 2),
(81, 14, 2),
(82, 15, 2),
(83, 16, 2),
(84, 17, 2),
(85, 18, 2),
(86, 19, 2),
(87, 20, 2),
(88, 21, 2),
(89, 22, 2),
(90, 23, 2),
(91, 24, 2),
(92, 25, 2),
(93, 26, 2),
(94, 27, 2),
(95, 28, 2),
(96, 29, 2),
(97, 30, 2),
(98, 31, 2),
(99, 32, 2),
(100, 33, 2),
(101, 34, 2),
(102, 35, 2),
(103, 36, 2),
(104, 37, 2),
(105, 38, 2),
(106, 39, 2),
(107, 40, 2),
(108, 41, 2),
(109, 42, 2),
(110, 43, 2),
(111, 44, 2),
(112, 45, 2),
(113, 46, 2),
(114, 47, 2),
(115, 48, 2),
(116, 49, 2),
(117, 50, 2),
(118, 51, 2),
(119, 52, 2),
(120, 53, 2),
(121, 54, 2),
(122, 55, 2),
(123, 56, 2),
(124, 57, 2),
(125, 58, 2),
(126, 59, 2),
(127, 60, 2),
(128, 61, 2),
(129, 62, 2),
(130, 63, 2),
(131, 64, 2),
(132, 65, 2),
(133, 66, 2),
(134, 67, 2),
(135, 1, 3),
(136, 2, 3),
(137, 3, 3),
(138, 4, 3),
(139, 5, 3),
(140, 6, 3),
(141, 7, 3),
(142, 8, 3),
(143, 9, 3),
(144, 10, 3),
(145, 11, 3),
(146, 12, 3),
(147, 13, 3),
(148, 14, 3),
(149, 15, 3),
(150, 16, 3),
(151, 17, 3),
(152, 18, 3),
(153, 19, 3),
(154, 20, 3),
(155, 21, 3),
(156, 22, 3),
(157, 23, 3),
(158, 24, 3),
(159, 25, 3),
(160, 26, 3),
(161, 27, 3),
(162, 28, 3),
(163, 29, 3),
(164, 30, 3),
(165, 31, 3),
(166, 32, 3),
(167, 33, 3),
(168, 34, 3),
(169, 35, 3),
(170, 36, 3),
(171, 37, 3),
(172, 38, 3),
(173, 39, 3),
(174, 40, 3),
(175, 41, 3),
(176, 42, 3),
(177, 43, 3),
(178, 44, 3),
(179, 45, 3),
(180, 46, 3),
(181, 47, 3),
(182, 48, 3),
(183, 49, 3),
(184, 50, 3),
(185, 51, 3),
(186, 52, 3),
(187, 53, 3),
(188, 54, 3),
(189, 55, 3),
(190, 56, 3),
(191, 57, 3),
(192, 58, 3),
(193, 59, 3),
(194, 60, 3),
(195, 61, 3),
(196, 64, 3),
(197, 65, 3),
(198, 66, 3),
(199, 67, 3),
(200, 38, 4),
(201, 39, 4),
(202, 19, 5),
(203, 20, 5),
(204, 21, 5),
(205, 22, 5),
(206, 23, 5),
(207, 24, 5),
(208, 25, 5),
(209, 19, 6),
(210, 20, 6),
(211, 21, 6),
(212, 22, 6),
(213, 23, 6),
(214, 24, 6),
(215, 25, 6),
(216, 36, 6),
(217, 51, 7),
(218, 26, 8),
(219, 8, 9),
(220, 16, 9),
(221, 4, 10),
(222, 26, 11),
(223, 50, 12),
(224, 21, 12),
(225, 38, 13),
(226, 39, 13),
(227, 4, 14),
(228, 4, 15),
(229, 13, 15),
(230, 14, 15),
(231, 14, 16),
(232, 62, 3),
(233, 63, 3),
(234, 4, 16),
(235, 14, 17),
(236, 4, 17),
(237, 3, 18),
(238, 6, 18),
(239, 27, 18),
(240, 28, 18),
(241, 45, 18),
(242, 4, 19),
(243, 14, 19),
(244, 15, 19),
(245, 17, 19),
(246, 4, 20),
(247, 8, 20),
(248, 9, 20),
(249, 7, 21),
(250, 8, 21),
(251, 9, 21),
(252, 46, 21),
(253, 7, 22),
(254, 3, 23),
(255, 27, 24),
(256, 28, 24),
(257, 47, 24),
(258, 45, 24),
(259, 11, 25),
(260, 12, 25),
(261, 17, 25),
(262, 27, 25),
(263, 27, 26),
(264, 27, 27),
(265, 6, 28),
(266, 29, 28),
(267, 47, 28),
(268, 43, 29),
(269, 32, 30),
(270, 37, 31),
(271, 52, 32),
(272, 40, 33),
(273, 38, 34),
(274, 39, 34),
(275, 31, 35),
(276, 33, 35),
(277, 35, 35),
(278, 38, 35),
(279, 39, 35),
(280, 41, 35),
(281, 1, 36),
(282, 2, 36),
(283, 3, 36),
(284, 4, 36),
(285, 5, 36),
(287, 6, 36),
(288, 7, 36),
(289, 8, 36),
(290, 9, 36),
(291, 10, 36),
(292, 11, 36),
(293, 12, 36),
(294, 13, 36),
(295, 14, 36),
(296, 15, 36),
(297, 16, 36),
(298, 17, 36),
(299, 18, 36),
(300, 19, 36),
(301, 20, 36),
(302, 21, 36),
(303, 22, 36),
(304, 23, 36),
(305, 24, 36),
(306, 25, 36),
(307, 26, 36),
(308, 27, 36),
(309, 28, 36),
(310, 29, 36),
(311, 30, 36),
(312, 31, 36),
(313, 32, 36),
(314, 33, 36),
(315, 34, 36),
(316, 35, 36),
(317, 36, 36),
(318, 37, 36),
(319, 38, 36),
(320, 39, 36),
(321, 40, 36),
(322, 41, 36),
(323, 42, 36),
(324, 43, 36),
(325, 44, 36),
(326, 45, 36),
(327, 46, 36),
(328, 47, 36),
(329, 48, 36),
(330, 49, 36),
(331, 50, 36),
(332, 51, 36),
(333, 52, 36),
(334, 53, 36),
(335, 54, 36),
(337, 55, 36),
(338, 56, 36),
(339, 57, 36),
(340, 58, 36),
(341, 59, 36),
(342, 60, 36),
(343, 61, 36),
(344, 62, 36),
(345, 63, 36),
(346, 64, 36),
(347, 65, 36),
(348, 66, 36),
(349, 67, 36),
(350, 1, 37),
(351, 2, 37),
(352, 3, 37),
(353, 4, 37),
(354, 5, 37),
(355, 6, 37),
(356, 7, 37),
(357, 8, 37),
(358, 9, 37),
(359, 10, 37),
(360, 11, 37),
(361, 12, 37),
(362, 13, 37),
(363, 14, 37),
(364, 15, 37),
(365, 16, 37),
(366, 17, 37),
(367, 18, 37),
(368, 19, 37),
(369, 20, 37),
(370, 21, 37),
(371, 22, 37),
(372, 23, 37),
(373, 24, 37),
(374, 25, 37),
(375, 26, 37),
(376, 27, 37),
(377, 28, 37),
(378, 29, 37),
(379, 30, 37),
(380, 31, 37),
(381, 32, 37),
(382, 33, 37),
(383, 34, 37),
(384, 35, 37),
(385, 36, 37),
(386, 37, 37),
(387, 38, 37),
(388, 39, 37),
(389, 40, 37),
(390, 41, 37),
(391, 42, 37),
(392, 43, 37),
(393, 44, 37),
(394, 45, 37),
(395, 46, 37),
(396, 47, 37),
(397, 48, 37),
(398, 49, 37),
(399, 50, 37),
(400, 51, 37),
(401, 52, 37),
(402, 53, 37),
(403, 54, 37),
(404, 55, 37),
(405, 56, 37),
(406, 57, 37),
(407, 58, 37),
(408, 59, 37),
(409, 60, 37),
(410, 61, 37),
(411, 62, 37),
(412, 63, 37),
(413, 64, 37),
(414, 65, 37),
(415, 66, 37),
(416, 67, 37),
(417, 1, 38),
(418, 2, 38),
(419, 3, 38),
(420, 4, 38),
(421, 5, 38),
(422, 6, 38),
(423, 7, 38),
(424, 8, 38),
(425, 9, 38),
(426, 10, 38),
(427, 11, 38),
(428, 12, 38),
(429, 13, 38),
(430, 14, 38),
(431, 15, 38),
(432, 16, 38),
(433, 17, 38),
(434, 18, 38),
(435, 19, 38),
(436, 20, 38),
(437, 21, 38),
(438, 22, 38),
(439, 23, 38),
(440, 24, 38),
(441, 25, 38),
(442, 26, 38),
(443, 27, 38),
(444, 28, 38),
(445, 29, 38),
(446, 30, 38),
(447, 31, 38),
(448, 32, 38),
(449, 33, 38),
(450, 34, 38),
(451, 35, 38),
(452, 36, 38),
(453, 37, 38),
(454, 38, 38),
(455, 39, 38),
(456, 40, 38),
(457, 41, 38),
(458, 42, 38),
(459, 43, 38),
(460, 44, 38),
(461, 45, 38),
(462, 46, 38),
(463, 47, 38),
(464, 48, 38),
(465, 49, 38),
(466, 50, 38),
(467, 51, 38),
(468, 52, 38),
(469, 53, 38),
(470, 54, 38),
(471, 55, 38),
(472, 56, 38),
(473, 57, 38),
(474, 58, 38),
(475, 59, 38),
(476, 60, 38),
(477, 61, 38),
(478, 62, 38),
(479, 63, 38),
(480, 64, 38),
(481, 65, 38),
(482, 66, 38),
(483, 67, 38),
(484, 52, 39),
(485, 1, 40),
(486, 2, 40),
(487, 53, 42),
(488, 24, 43),
(489, 66, 43),
(490, 67, 43),
(491, 4, 44),
(492, 6, 44),
(493, 8, 44),
(494, 9, 44),
(495, 13, 44),
(496, 14, 44),
(497, 18, 44),
(498, 27, 44),
(499, 29, 44),
(500, 53, 44),
(501, 58, 44),
(502, 59, 44),
(503, 54, 45),
(504, 1, 41),
(505, 2, 41),
(506, 3, 41),
(507, 4, 41),
(508, 5, 41),
(509, 6, 41),
(510, 7, 41),
(511, 8, 41),
(512, 9, 41),
(513, 10, 41),
(514, 11, 41),
(515, 12, 41),
(516, 13, 41),
(517, 14, 41),
(518, 15, 41),
(519, 16, 41),
(520, 17, 41),
(521, 18, 41),
(522, 19, 41),
(523, 20, 41),
(524, 21, 41),
(525, 22, 41),
(526, 23, 41),
(527, 24, 41),
(528, 25, 41),
(529, 26, 41),
(530, 27, 41),
(531, 28, 41),
(532, 29, 41),
(533, 30, 41),
(534, 31, 41),
(535, 32, 41),
(536, 33, 41),
(537, 34, 41),
(538, 35, 41),
(539, 36, 41),
(540, 37, 41),
(541, 38, 41),
(542, 39, 41),
(543, 40, 41),
(544, 41, 41),
(545, 42, 41),
(546, 43, 41),
(547, 44, 41),
(548, 45, 41),
(549, 46, 41),
(550, 47, 41),
(551, 48, 41),
(552, 49, 41),
(553, 50, 41),
(554, 51, 41),
(555, 52, 41),
(556, 53, 41),
(557, 54, 41),
(558, 55, 41),
(559, 56, 41),
(560, 57, 41),
(561, 58, 41),
(562, 59, 41),
(563, 60, 41),
(564, 61, 41),
(565, 62, 41),
(566, 63, 41),
(567, 64, 41),
(568, 65, 41),
(569, 66, 41),
(570, 67, 41);

--
-- Indexes for dumped tables
--

--
-- Indexes for table `goal`
--
ALTER TABLE `goal`
  ADD PRIMARY KEY (`gID`),
  ADD UNIQUE KEY `gName` (`gName`);

--
-- Indexes for table `gor`
--
ALTER TABLE `gor`
  ADD PRIMARY KEY (`gorID`,`gID`,`obsID`),
  ADD UNIQUE KEY `idgor_UNIQUE` (`gorID`),
  ADD KEY `fk_gor_goals_idx` (`gID`),
  ADD KEY `fk_gor_obs1_idx` (`obsID`);

--
-- Indexes for table `obstical`
--
ALTER TABLE `obstical`
  ADD PRIMARY KEY (`obsID`),
  ADD UNIQUE KEY `obsName` (`obsName`);

--
-- Indexes for table `tactic`
--
ALTER TABLE `tactic`
  ADD PRIMARY KEY (`tID`);

--
-- Indexes for table `tor`
--
ALTER TABLE `tor`
  ADD PRIMARY KEY (`torID`,`obsID`,`tID`),
  ADD UNIQUE KEY `idtor_UNIQUE` (`torID`),
  ADD KEY `fk_tor_obs1_idx` (`obsID`),
  ADD KEY `fk_tor_tactics1_idx` (`tID`);

--
-- AUTO_INCREMENT for dumped tables
--

--
-- AUTO_INCREMENT for table `goal`
--
ALTER TABLE `goal`
  MODIFY `gID` int(11) NOT NULL AUTO_INCREMENT, AUTO_INCREMENT=11;

--
-- AUTO_INCREMENT for table `gor`
--
ALTER TABLE `gor`
  MODIFY `gorID` int(11) NOT NULL AUTO_INCREMENT, AUTO_INCREMENT=100;

--
-- AUTO_INCREMENT for table `obstical`
--
ALTER TABLE `obstical`
  MODIFY `obsID` int(11) NOT NULL AUTO_INCREMENT, AUTO_INCREMENT=68;

--
-- AUTO_INCREMENT for table `tactic`
--
ALTER TABLE `tactic`
  MODIFY `tID` int(11) NOT NULL AUTO_INCREMENT, AUTO_INCREMENT=46;

--
-- AUTO_INCREMENT for table `tor`
--
ALTER TABLE `tor`
  MODIFY `torID` int(11) NOT NULL AUTO_INCREMENT, AUTO_INCREMENT=571;

--
-- Constraints for dumped tables
--

--
-- Constraints for table `gor`
--
ALTER TABLE `gor`
  ADD CONSTRAINT `fk_gor_goal` FOREIGN KEY (`gID`) REFERENCES `goal` (`gID`) ON DELETE NO ACTION ON UPDATE NO ACTION,
  ADD CONSTRAINT `fk_gor_obs` FOREIGN KEY (`obsID`) REFERENCES `obstical` (`obsID`) ON DELETE NO ACTION ON UPDATE NO ACTION;

--
-- Constraints for table `tor`
--
ALTER TABLE `tor`
  ADD CONSTRAINT `fk_tor_obs1` FOREIGN KEY (`obsID`) REFERENCES `obstical` (`obsID`) ON DELETE NO ACTION ON UPDATE NO ACTION,
  ADD CONSTRAINT `fk_tor_tactics1` FOREIGN KEY (`tID`) REFERENCES `tactic` (`tID`) ON DELETE NO ACTION ON UPDATE NO ACTION;
COMMIT;

/*!40101 SET CHARACTER_SET_CLIENT=@OLD_CHARACTER_SET_CLIENT */;
/*!40101 SET CHARACTER_SET_RESULTS=@OLD_CHARACTER_SET_RESULTS */;
/*!40101 SET COLLATION_CONNECTION=@OLD_COLLATION_CONNECTION */;
